project_id,state,district,constituency,latitude,longitude,work_type,work_description,implementing_agency,sanctioned_amount,estimated_cost,revised_cost,expenditure,completion_percentage,expected_completion_percentage,sanction_date,expected_completion_date,actual_completion_date,number_of_payments,amount_last_payment,project_status,beneficiary_count
MPL-260000,Maharashtra,Pune,Pune Parliamentary Constituency,18.51264,73.75051,Road,"Construction of cement concrete link road in Ward 1, Pune",Water Board,13429615.8,13300000.0,27176862.14,11355855.04,27.4,97.0,2025-11-14,2025-10-31,,21,3275430.42,Delayed,7647
MPL-260001,Maharashtra,Nagpur,Nagpur Parliamentary Constituency,21.17167,79.18823,Education,"Additional classrooms and sanitation block at government school in Ward 2, Nagpur",Municipal Corporation,2812126.71,2600000.0,5119569.97,2599741.49,30.3,91.5,2025-09-17,2025-09-04,,11,433655.17,Delayed,15963
MPL-260002,Uttar Pradesh,Lucknow,Lucknow Parliamentary Constituency,26.756,80.94327,Water Supply,"Piped drinking water system with overhead tank in Ward 3, Lucknow",District Rural Development Agency,9122051.06,9000000.0,20091178.03,8602428.82,26.2,86.8,2025-07-10,2025-08-25,,12,1472047.47,Delayed,4695
MPL-260003,Uttar Pradesh,Varanasi,Varanasi Parliamentary Constituency,25.37578,82.94888,Health,"Upgrade of primary health centre and equipment in Ward 4, Varanasi",Municipal Corporation,1690533.43,1600000.0,2916397.3,1434161.77,24.2,96.5,2025-01-30,2026-04-20,,16,324601.07,Delayed,12644
MPL-260004,Rajasthan,Jaipur,Jaipur Parliamentary Constituency,26.95535,75.8006,Community Hall,"Construction of multipurpose community hall in Ward 5, Jaipur",Water Board,15319312.21,14700000.0,28845190.15,13787152.8,22.0,91.4,2025-09-05,2026-01-07,,12,1214819.19,Delayed,16986
MPL-260005,Rajasthan,Udaipur,Udaipur Parliamentary Constituency,24.68367,73.61141,Solar Lighting,"Installation of solar street lighting in Ward 6, Udaipur",Water Board,1360929.05,1300000.0,2283352.86,1336964.32,27.7,82.3,2024-10-02,2026-02-13,,13,134140.34,Delayed,3142
MPL-260006,Tamil Nadu,Chennai,Chennai Parliamentary Constituency,13.0614,80.23817,Drainage,"Storm water drain and culvert improvement in Ward 7, Chennai",Municipal Corporation,13549316.7,13100000.0,29383291.42,12726612.25,22.2,90.5,2024-09-20,2025-08-26,,19,2619436.04,Delayed,12179
MPL-260007,Tamil Nadu,Madurai,Madurai Parliamentary Constituency,9.86588,78.08109,Sports,"Development of public sports ground in Ward 8, Madurai",Municipal Corporation,8457114.14,8000000.0,17019891.4,8404271.21,32.4,83.2,2025-04-28,2025-11-26,,17,1313513.5,Delayed,9377
MPL-260008,Karnataka,Bengaluru Urban,Bengaluru Urban Parliamentary Constituency,13.1832,77.59535,Road,"Construction of cement concrete link road in Ward 9, Bengaluru Urban",Municipal Corporation,18378367.34,17100000.0,31863632.22,16071390.69,38.6,84.5,2025-02-24,2025-11-26,,11,1642261.82,Delayed,14123
MPL-260009,Karnataka,Mysuru,Mysuru Parliamentary Constituency,12.22343,76.70916,Education,"Additional classrooms and sanitation block at government school in Ward 10, Mysuru",District Education Office,17256868.55,16100000.0,30637793.66,16369034.76,31.4,96.6,2025-01-28,2025-11-18,,14,3819175.8,Delayed,17049
MPL-260010,West Bengal,Kolkata,Kolkata Parliamentary Constituency,22.58528,88.36134,Water Supply,"Piped drinking water system with overhead tank in Ward 11, Kolkata",District Rural Development Agency,15156872.61,13800000.0,30432017.46,13557703.21,33.5,91.9,2024-08-26,2026-04-20,,16,1692820.69,Delayed,10130
MPL-260011,Assam,Kamrup,Kamrup Parliamentary Constituency,26.12316,91.74483,Health,"Upgrade of primary health centre and equipment in Ward 12, Kamrup",District Education Office,10985552.7,10000000.0,16990820.05,11195524.73,29.6,95.0,2025-03-14,2026-01-12,,13,2328940.13,Delayed,13895
MPL-260012,Gujarat,Ahmedabad,Ahmedabad Parliamentary Constituency,23.04775,72.59913,Community Hall,"Construction of multipurpose community hall in Ward 13, Ahmedabad",Water Board,5164553.05,4900000.0,10668066.22,4972820.83,29.2,92.2,2024-12-29,2025-09-27,,15,1297243.14,Delayed,8968
MPL-260013,Odisha,Khordha,Khordha Parliamentary Constituency,20.17998,85.70739,Solar Lighting,"Installation of solar street lighting in Ward 14, Khordha",Public Works Department,14169306.66,13500000.0,30295736.3,12822176.08,30.9,96.4,2025-03-10,2025-10-22,,20,3404764.32,Delayed,8851
MPL-260014,Maharashtra,Pune,Pune Parliamentary Constituency,18.47642,73.87488,Drainage,"Storm water drain and culvert improvement in Ward 15, Pune",District Education Office,1566367.75,1500000.0,2352800.35,1247790.25,52.3,82.4,2024-07-23,2026-04-03,,11,278570.02,Delayed,14749
MPL-260015,Maharashtra,Nagpur,Nagpur Parliamentary Constituency,21.13057,79.0599,Sports,"Development of public sports ground in Ward 16, Nagpur",Water Board,16366896.9,16000000.0,21718548.71,14775916.46,49.2,75.0,2025-09-02,2026-06-29,,17,2445290.34,Delayed,6046
MPL-260016,Uttar Pradesh,Lucknow,Lucknow Parliamentary Constituency,26.87084,80.9802,Road,"Construction of cement concrete link road in Ward 17, Lucknow",Public Works Department,17535279.7,16200000.0,26334452.43,14902876.72,55.9,79.3,2024-07-25,2026-04-25,,12,4265635.63,Delayed,11764
MPL-260017,Uttar Pradesh,Varanasi,Varanasi Parliamentary Constituency,25.35614,82.99678,Education,"Additional classrooms and sanitation block at government school in Ward 18, Varanasi",District Rural Development Agency,17249381.37,17000000.0,26122636.98,15931739.58,51.8,90.1,2025-01-24,2026-06-20,,19,2538773.12,Delayed,12336
MPL-260018,Rajasthan,Jaipur,Jaipur Parliamentary Constituency,26.89078,75.75204,Water Supply,"Piped drinking water system with overhead tank in Ward 1, Jaipur",Water Board,9885904.56,9100000.0,14516794.47,7236658.35,55.3,86.9,2025-01-04,2026-05-25,,11,2079771.71,Delayed,8816
MPL-260019,Rajasthan,Udaipur,Udaipur Parliamentary Constituency,24.56513,73.68871,Health,"Upgrade of primary health centre and equipment in Ward 2, Udaipur",District Education Office,3369768.15,3300000.0,4964045.94,3041695.67,30.4,83.4,2025-02-04,2026-01-26,,21,337853.01,Delayed,15459
MPL-260020,Tamil Nadu,Chennai,Chennai Parliamentary Constituency,13.15818,80.23262,Community Hall,"Construction of multipurpose community hall in Ward 3, Chennai",Municipal Corporation,18109672.09,17000000.0,27659951.29,15215577.63,33.5,92.1,2025-08-16,2026-05-19,,16,2280706.16,Delayed,10238
MPL-260021,Tamil Nadu,Madurai,Madurai Parliamentary Constituency,9.88814,78.11897,Solar Lighting,"Installation of solar street lighting in Ward 4, Madurai",Water Board,15627421.99,14900000.0,23292022.15,11825110.28,50.0,83.5,2025-07-09,2026-05-31,,18,3248239.46,Delayed,550
MPL-260022,Karnataka,Bengaluru Urban,Bengaluru Urban Parliamentary Constituency,12.84668,77.66924,Drainage,"Storm water drain and culvert improvement in Ward 5, Bengaluru Urban",District Rural Development Agency,7949650.3,7400000.0,11969634.72,6050312.22,54.1,72.9,2025-04-19,2026-03-22,,12,819364.66,Delayed,8220
MPL-260023,Karnataka,Mysuru,Mysuru Parliamentary Constituency,12.35844,76.59239,Sports,"Development of public sports ground in Ward 6, Mysuru",District Education Office,12938447.21,11800000.0,17033867.47,9473987.0,37.6,98.0,2024-12-31,2026-05-18,,20,2211071.81,Delayed,8533
MPL-260024,West Bengal,Kolkata,Kolkata Parliamentary Constituency,22.46568,88.37996,Road,"Construction of cement concrete link road in Ward 7, Kolkata",Municipal Corporation,18112780.08,16900000.0,28366749.88,16370560.68,35.4,78.6,2024-07-25,2026-03-19,,17,3816309.52,Delayed,17553
MPL-260025,Assam,Kamrup,Kamrup Parliamentary Constituency,26.0674,91.84494,Education,"Additional classrooms and sanitation block at government school in Ward 8, Kamrup",Municipal Corporation,7214491.52,7100000.0,9929338.37,5047559.23,36.8,93.7,2025-03-20,2026-04-17,,16,1152705.16,Delayed,4381
MPL-260026,Gujarat,Ahmedabad,Ahmedabad Parliamentary Constituency,22.95481,72.5542,Water Supply,"Piped drinking water system with overhead tank in Ward 9, Ahmedabad",District Rural Development Agency,14293085.16,13900000.0,21809640.94,11092138.5,38.0,85.9,2025-10-25,2026-05-22,,12,2827229.95,Delayed,9264
MPL-260027,Odisha,Khordha,Khordha Parliamentary Constituency,20.17471,85.81623,Health,"Upgrade of primary health centre and equipment in Ward 10, Khordha",Municipal Corporation,8456271.14,8400000.0,13446573.06,7616271.86,39.0,81.1,2025-08-25,2026-02-21,,12,2168300.47,Delayed,14676
MPL-260028,Maharashtra,Pune,Pune Parliamentary Constituency,18.55704,73.81577,Community Hall,"Construction of multipurpose community hall in Ward 11, Pune",Municipal Corporation,19297950.24,17700000.0,25665347.71,16716493.31,33.1,81.5,2024-10-12,2026-01-28,,11,2692705.96,Delayed,2494
MPL-260029,Maharashtra,Nagpur,Nagpur Parliamentary Constituency,21.12882,79.15314,Solar Lighting,"Installation of solar street lighting in Ward 12, Nagpur",District Education Office,2217414.22,2100000.0,2859207.42,1716068.55,56.8,77.1,2025-10-04,2026-03-01,,17,265529.81,Delayed,14529
MPL-260030,Uttar Pradesh,Lucknow,Lucknow Parliamentary Constituency,26.88368,81.00547,Drainage,"Storm water drain and culvert improvement in Ward 13, Lucknow",District Education Office,8466479.55,8200000.0,11699410.61,5864293.49,44.6,75.1,2024-12-21,2026-04-06,,11,574858.8,Delayed,17860
MPL-260031,Uttar Pradesh,Varanasi,Varanasi Parliamentary Constituency,25.33342,82.96132,Sports,"Development of public sports ground in Ward 14, Varanasi",District Education Office,9122857.33,8900000.0,14118309.28,8435055.86,43.1,72.3,2025-01-27,2026-06-15,,11,2206781.72,Delayed,3881
MPL-260032,Rajasthan,Jaipur,Jaipur Parliamentary Constituency,27.02606,75.65721,Road,"Construction of cement concrete link road in Ward 15, Jaipur",Water Board,6272174.58,6000000.0,9251064.11,4606458.71,33.7,93.4,2024-11-06,2026-06-29,,19,970813.21,Delayed,7629
MPL-260033,Rajasthan,Udaipur,Udaipur Parliamentary Constituency,24.61237,73.61332,Education,"Additional classrooms and sanitation block at government school in Ward 16, Udaipur",Water Board,4996421.55,4800000.0,7993053.04,3829433.06,50.3,72.5,2025-07-13,2026-02-11,,21,783930.73,Delayed,8916
MPL-260034,Tamil Nadu,Chennai,Chennai Parliamentary Constituency,13.10777,80.33672,Water Supply,"Piped drinking water system with overhead tank in Ward 17, Chennai",Municipal Corporation,6065507.4,6000000.0,9788969.85,4211198.42,33.2,94.0,2025-04-30,2026-04-26,,20,542504.31,Delayed,13521
MPL-260035,Tamil Nadu,Madurai,Madurai Parliamentary Constituency,10.01977,78.13082,Health,"Upgrade of primary health centre and equipment in Ward 18, Madurai",Water Board,9125662.76,8500000.0,12510676.05,6482789.09,54.2,98.5,2025-03-08,2026-05-22,,18,1078458.33,Delayed,17347
MPL-260036,Karnataka,Bengaluru Urban,Bengaluru Urban Parliamentary Constituency,12.94718,77.66231,Community Hall,"Construction of multipurpose community hall in Ward 1, Bengaluru Urban",District Rural Development Agency,6887005.87,6300000.0,8941581.63,5531699.44,38.4,91.8,2025-03-25,2026-01-04,,15,675394.23,Delayed,8054
MPL-260037,Karnataka,Mysuru,Mysuru Parliamentary Constituency,12.36577,76.74089,Solar Lighting,"Installation of solar street lighting in Ward 2, Mysuru",Public Works Department,14426822.72,13900000.0,19823715.52,13781388.71,48.5,92.0,2024-11-24,2026-06-03,,12,2106721.26,Delayed,14892
MPL-260038,West Bengal,Kolkata,Kolkata Parliamentary Constituency,22.61231,88.3644,Drainage,"Storm water drain and culvert improvement in Ward 3, Kolkata",Water Board,11116012.02,10400000.0,14642097.6,9852022.3,37.3,96.4,2024-11-27,2026-06-10,,20,1230464.46,Delayed,14553
MPL-260039,Assam,Kamrup,Kamrup Parliamentary Constituency,26.08846,91.65568,Sports,"Development of public sports ground in Ward 4, Kamrup",District Rural Development Agency,7787686.54,7400000.0,11442035.14,6588243.4,51.8,99.4,2025-05-02,2026-03-17,,10,593800.15,Delayed,10138
MPL-260040,Gujarat,Ahmedabad,Ahmedabad Parliamentary Constituency,22.9801,72.55368,Road,"Construction of cement concrete link road in Ward 5, Ahmedabad",District Rural Development Agency,12410962.24,12200000.0,16732088.23,8604416.85,53.3,87.4,2025-05-13,2026-02-24,,20,2352230.86,Delayed,16994
MPL-260041,Odisha,Khordha,Khordha Parliamentary Constituency,20.19036,85.77218,Education,"Additional classrooms and sanitation block at government school in Ward 6, Khordha",Water Board,14639603.67,13800000.0,22844843.4,11333922.22,34.4,92.6,2024-10-11,2026-04-23,,17,2992642.33,Delayed,14164
MPL-260042,Maharashtra,Pune,Pune Parliamentary Constituency,18.55898,73.75396,Water Supply,"Piped drinking water system with overhead tank in Ward 7, Pune",District Education Office,14078222.26,13300000.0,19691623.84,10025959.85,43.5,85.2,2025-03-15,2026-04-18,,14,1116876.56,Delayed,1624
MPL-260043,Maharashtra,Nagpur,Nagpur Parliamentary Constituency,21.28109,79.14179,Health,"Upgrade of primary health centre and equipment in Ward 8, Nagpur",Water Board,13281004.88,13200000.0,20008629.74,10717323.6,42.5,88.5,2025-06-18,2026-04-08,,16,2375068.91,Delayed,7271
MPL-260044,Uttar Pradesh,Lucknow,Lucknow Parliamentary Constituency,26.83877,80.86893,Community Hall,"Construction of multipurpose community hall in Ward 9, Lucknow",Public Works Department,12012290.64,11900000.0,15590197.88,11521882.64,44.6,86.8,2025-02-01,2026-06-19,,21,2655732.91,Delayed,1934
MPL-260045,Uttar Pradesh,Varanasi,Varanasi Parliamentary Constituency,25.38725,82.96821,Solar Lighting,"Installation of solar street lighting in Ward 10, Varanasi",Water Board,18329488.98,17300000.0,27303574.38,16731657.23,40.6,86.3,2025-07-29,2026-03-09,,10,3952849.02,Delayed,14269
MPL-260046,Rajasthan,Jaipur,Jaipur Parliamentary Constituency,26.89944,75.86748,Drainage,"Storm water drain and culvert improvement in Ward 11, Jaipur",Public Works Department,10333242.93,10300000.0,15661717.79,9653739.2,30.2,74.8,2025-07-15,2026-06-02,,20,2541108.86,Delayed,11876
MPL-260047,Rajasthan,Udaipur,Udaipur Parliamentary Constituency,24.57805,73.77115,Sports,"Development of public sports ground in Ward 12, Udaipur",Municipal Corporation,16873636.22,15800000.0,20626377.99,16264021.49,46.9,93.3,2025-01-26,2026-01-21,,19,2712853.67,Delayed,11220
MPL-260048,Tamil Nadu,Chennai,Chennai Parliamentary Constituency,13.14257,80.29936,Road,"Construction of cement concrete link road in Ward 13, Chennai",Municipal Corporation,15537276.0,14500000.0,20356428.01,11317799.24,38.1,82.2,2024-10-20,2026-02-03,,10,1958788.67,Delayed,11164
MPL-260049,Tamil Nadu,Madurai,Madurai Parliamentary Constituency,10.00574,78.18186,Education,"Additional classrooms and sanitation block at government school in Ward 14, Madurai",District Rural Development Agency,4259852.76,4000000.0,6468194.35,3970613.17,33.9,88.2,2024-07-27,2026-02-06,,20,443739.98,Delayed,4703
MPL-260050,Karnataka,Bengaluru Urban,Bengaluru Urban Parliamentary Constituency,18.56199,73.7129,Water Supply,"Construction of cement concrete link road in Ward 1, Pune",District Rural Development Agency,12485900.98,12000000.0,14232303.46,998872.08,15.1,38.5,2025-11-12,2026-08-20,,8,204379.35,Delayed,11528
MPL-260051,Karnataka,Mysuru,Mysuru Parliamentary Constituency,21.17124,79.24495,Health,"Additional classrooms and sanitation block at government school in Ward 2, Nagpur",Public Works Department,2979659.44,2900000.0,3308867.07,2733909.89,99.4,100.0,2024-10-10,2025-06-16,2025-06-26,8,221000.69,Completed,6207
MPL-260052,West Bengal,Kolkata,Kolkata Parliamentary Constituency,26.75844,80.93147,Community Hall,"Piped drinking water system with overhead tank in Ward 3, Lucknow",District Education Office,11622853.9,11000000.0,11629014.89,8514699.06,81.9,77.5,2024-10-23,2026-02-18,,6,2548108.25,Delayed,11040
MPL-260053,Assam,Kamrup,Kamrup Parliamentary Constituency,25.527,82.9163,Solar Lighting,"Upgrade of primary health centre and equipment in Ward 4, Varanasi",Municipal Corporation,18539555.42,17500000.0,17684574.13,14077300.51,80.2,72.8,2025-11-12,2027-03-04,,4,2480962.75,In Progress,8792
MPL-260054,Gujarat,Ahmedabad,Ahmedabad Parliamentary Constituency,26.90076,75.79262,Drainage,"Construction of multipurpose community hall in Ward 5, Jaipur",Municipal Corporation,1538306.95,1400000.0,1337140.84,956614.03,66.3,75.1,2025-09-24,2026-08-10,,6,220900.76,Delayed,3007
MPL-260055,Odisha,Khordha,Khordha Parliamentary Constituency,24.7668,73.76852,Sports,"Installation of solar street lighting in Ward 6, Udaipur",Public Works Department,17329597.61,16000000.0,18027015.12,17094624.96,95.1,100.0,2025-06-01,2026-08-15,,9,2255858.29,Delayed,7006
MPL-260056,Maharashtra,Pune,Pune Parliamentary Constituency,12.97574,80.24413,Road,"Storm water drain and culvert improvement in Ward 7, Chennai",Public Works Department,9785128.88,9400000.0,8930000.0,9055596.1,83.8,75.9,2025-11-15,2027-06-27,,9,2038474.92,In Progress,10509
MPL-260057,Maharashtra,Nagpur,Nagpur Parliamentary Constituency,9.83491,77.9841,Education,"Development of public sports ground in Ward 8, Madurai",Public Works Department,11783329.38,11600000.0,12796050.08,9819523.85,77.1,69.8,2024-10-01,2025-08-04,,4,2665259.49,Delayed,15254
MPL-260058,Uttar Pradesh,Lucknow,Lucknow Parliamentary Constituency,13.24087,77.52142,Water Supply,"Construction of cement concrete link road in Ward 9, Bengaluru Urban",District Rural Development Agency,4631254.09,4300000.0,4388126.84,3763692.49,93.2,91.0,2025-05-27,2026-10-28,,6,465187.18,In Progress,8117
MPL-260059,Uttar Pradesh,Varanasi,Varanasi Parliamentary Constituency,12.427,76.78517,Health,"Additional classrooms and sanitation block at government school in Ward 10, Mysuru",District Rural Development Agency,17395659.92,15900000.0,19962761.25,12484271.62,70.6,63.5,2024-12-02,2026-01-20,,5,1425562.55,Delayed,5351
MPL-260060,Rajasthan,Jaipur,Jaipur Parliamentary Constituency,22.49452,88.26776,Community Hall,"Piped drinking water system with overhead tank in Ward 11, Kolkata",Public Works Department,3752054.22,3500000.0,3389740.94,2432195.44,59.4,57.8,2025-07-03,2026-10-10,,5,618518.66,In Progress,3096
MPL-260061,Rajasthan,Udaipur,Udaipur Parliamentary Constituency,26.15474,91.72087,Solar Lighting,"Upgrade of primary health centre and equipment in Ward 12, Kamrup",District Rural Development Agency,3121592.9,3100000.0,3308922.01,3244070.66,93.8,100.0,2025-07-16,2026-04-06,,9,524632.23,Delayed,7673
MPL-260062,Tamil Nadu,Chennai,Chennai Parliamentary Constituency,23.16522,72.5888,Drainage,"Construction of multipurpose community hall in Ward 13, Ahmedabad",Municipal Corporation,6961232.13,6600000.0,7773527.91,5381345.7,73.8,92.0,2024-09-03,2026-01-03,,2,1118982.71,Delayed,7595
MPL-260063,Tamil Nadu,Madurai,Madurai Parliamentary Constituency,20.21273,85.58746,Sports,"Installation of solar street lighting in Ward 14, Khordha",Municipal Corporation,5075818.57,4700000.0,4748921.68,4525319.77,100.0,100.0,2025-01-30,2025-11-10,2025-11-20,9,789682.17,Completed,15864
MPL-260064,Karnataka,Bengaluru Urban,Bengaluru Urban Parliamentary Constituency,12.98118,77.52591,Road,"Construction of cement concrete link road in Ward 11, Bengaluru Urban",District Education Office,13520653.14,12400000.0,11780000.0,5780367.09,44.3,39.4,2024-12-15,2026-05-05,,7,711252.96,Delayed,15172
MPL-260065,Karnataka,Mysuru,Mysuru Parliamentary Constituency,12.34164,76.60518,Education,"Additional classrooms and sanitation block at government school in Ward 12, Mysuru",Municipal Corporation,8756976.56,8000000.0,8215697.29,4656677.01,49.6,58.0,2024-09-17,2025-08-02,,8,1165639.79,Delayed,8375
MPL-260066,West Bengal,Kolkata,Kolkata Parliamentary Constituency,22.57453,88.32382,Water Supply,"Piped drinking water system with overhead tank in Ward 13, Kolkata",District Education Office,6807443.29,6200000.0,6288344.76,6107137.85,85.6,81.9,2025-01-08,2026-07-13,,8,514595.65,Delayed,6932
MPL-260067,Assam,Kamrup,Kamrup Parliamentary Constituency,26.16575,91.81132,Health,"Upgrade of primary health centre and equipment in Ward 14, Kamrup",Municipal Corporation,18494162.28,17500000.0,16625000.0,17012379.95,89.4,100.0,2025-03-16,2026-08-24,,3,3517965.86,Delayed,4204
MPL-260068,Gujarat,Ahmedabad,Ahmedabad Parliamentary Constituency,23.10374,72.62668,Community Hall,"Construction of multipurpose community hall in Ward 15, Ahmedabad",Water Board,3336534.91,3300000.0,3654943.05,2505700.4,70.9,67.9,2025-01-31,2026-04-04,,6,496913.28,Delayed,11783
MPL-260069,Odisha,Khordha,Khordha Parliamentary Constituency,20.26945,85.78919,Solar Lighting,"Installation of solar street lighting in Ward 16, Khordha",Public Works Department,11770872.79,11100000.0,11853632.11,9531241.53,75.8,73.9,2024-07-16,2025-08-08,,5,2700723.84,Delayed,16254
MPL-260070,Maharashtra,Pune,Pune Parliamentary Constituency,18.5732,73.96065,Drainage,"Storm water drain and culvert improvement in Ward 17, Pune",District Rural Development Agency,3247755.35,3100000.0,3426600.95,2372257.19,63.1,63.0,2025-09-21,2026-07-19,,6,542513.77,Delayed,12179
MPL-260071,Maharashtra,Nagpur,Nagpur Parliamentary Constituency,21.20766,79.06333,Sports,"Development of public sports ground in Ward 18, Nagpur",Water Board,4202161.77,4000000.0,4698272.17,2484944.23,56.5,59.5,2025-01-07,2025-12-10,,9,308387.68,Delayed,4841
MPL-260072,Uttar Pradesh,Lucknow,Lucknow Parliamentary Constituency,26.77469,80.94178,Road,"Construction of cement concrete link road in Ward 1, Lucknow",Water Board,16972523.73,16000000.0,17347972.64,11132792.68,61.1,53.0,2024-09-06,2025-06-05,,9,1948724.26,Delayed,3136
MPL-260073,Uttar Pradesh,Varanasi,Varanasi Parliamentary Constituency,25.3063,82.83467,Education,"Additional classrooms and sanitation block at government school in Ward 2, Varanasi",Public Works Department,14204218.59,14100000.0,14193182.08,10590490.8,66.5,90.9,2025-03-13,2026-02-13,,5,1943691.21,Delayed,13560
MPL-260074,Rajasthan,Jaipur,Jaipur Parliamentary Constituency,26.95577,75.84127,Water Supply,"Piped drinking water system with overhead tank in Ward 3, Jaipur",Water Board,2531598.91,2500000.0,2375000.0,2393620.17,84.2,100.0,2025-01-18,2026-07-31,,5,690804.66,Delayed,1199
MPL-260075,Rajasthan,Udaipur,Udaipur Parliamentary Constituency,24.59341,73.62648,Health,"Upgrade of primary health centre and equipment in Ward 4, Udaipur",District Rural Development Agency,7333511.45,6700000.0,6999633.31,5366299.35,62.7,81.2,2024-09-27,2026-03-08,,5,1344606.37,Delayed,12023
MPL-260076,Tamil Nadu,Chennai,Chennai Parliamentary Constituency,13.12141,80.29666,Community Hall,"Construction of multipurpose community hall in Ward 5, Chennai",District Rural Development Agency,5014985.01,4600000.0,4370000.0,4757417.87,89.7,98.3,2024-10-04,2026-03-09,,6,965529.16,Delayed,17536
MPL-260077,Tamil Nadu,Madurai,Madurai Parliamentary Constituency,9.98501,78.12174,Solar Lighting,"Installation of solar street lighting in Ward 6, Madurai",Water Board,15159371.45,15100000.0,15933812.84,11883230.84,77.9,90.8,2025-11-14,2027-06-14,,8,2352730.28,In Progress,15591
MPL-260078,Karnataka,Bengaluru Urban,Bengaluru Urban Parliamentary Constituency,13.02539,77.67644,Drainage,"Storm water drain and culvert improvement in Ward 7, Bengaluru Urban",Public Works Department,11615220.82,11100000.0,10921727.51,12544438.49,100.0,98.6,2024-11-09,2025-08-11,2025-08-21,8,2326636.49,Completed,2250
MPL-260079,Karnataka,Mysuru,Mysuru Parliamentary Constituency,12.26188,76.72286,Sports,"Development of public sports ground in Ward 8, Mysuru",Public Works Department,10858728.47,10300000.0,9785000.0,8018457.15,70.3,61.7,2025-09-10,2026-08-22,,4,977433.75,Delayed,14394
MPL-260080,West Bengal,Kolkata,Kolkata Parliamentary Constituency,22.57273,88.42415,Road,"Construction of cement concrete link road in Ward 9, Kolkata",Water Board,9726443.51,8900000.0,9312100.46,5291921.79,65.1,73.1,2025-03-25,2026-11-12,,2,564276.15,In Progress,1941
MPL-260081,Assam,Kamrup,Kamrup Parliamentary Constituency,26.11991,91.74606,Education,"Additional classrooms and sanitation block at government school in Ward 10, Kamrup",District Rural Development Agency,3472670.86,3300000.0,3387306.9,2251976.12,57.3,67.1,2025-07-29,2026-07-01,,3,359272.96,Delayed,6736
MPL-260082,Gujarat,Ahmedabad,Ahmedabad Parliamentary Constituency,23.02667,72.58749,Water Supply,"Piped drinking water system with overhead tank in Ward 11, Ahmedabad",Water Board,7203558.3,6900000.0,6555000.0,7697862.78,100.0,96.9,2025-01-12,2026-05-07,2026-05-17,7,1877150.33,Completed,5522
MPL-260083,Odisha,Khordha,Khordha Parliamentary Constituency,20.23528,85.74789,Health,"Upgrade of primary health centre and equipment in Ward 12, Khordha",Public Works Department,7130938.96,6700000.0,6843194.92,6283891.54,100.0,100.0,2024-12-26,2026-03-10,2026-03-20,9,1875766.53,Completed,13512
MPL-260084,Maharashtra,Pune,Pune Parliamentary Constituency,18.60429,73.84883,Community Hall,"Construction of multipurpose community hall in Ward 13, Pune",Water Board,6254262.59,6000000.0,5700000.0,4646159.11,70.5,53.4,2024-09-23,2025-05-28,,8,388512.95,Delayed,5646
MPL-260085,Maharashtra,Nagpur,Nagpur Parliamentary Constituency,21.11764,78.99967,Solar Lighting,"Installation of solar street lighting in Ward 14, Nagpur",Water Board,2293118.74,2100000.0,2275820.92,1417414.92,53.9,42.7,2024-11-02,2025-12-28,,7,374841.06,Delayed,9772
MPL-260086,Uttar Pradesh,Lucknow,Lucknow Parliamentary Constituency,26.90063,80.9794,Drainage,"Storm water drain and culvert improvement in Ward 15, Lucknow",Municipal Corporation,3896847.55,3600000.0,3916232.68,3378881.18,75.3,84.2,2025-08-31,2026-12-10,,6,409897.67,In Progress,5277
MPL-260087,Uttar Pradesh,Varanasi,Varanasi Parliamentary Constituency,25.1675,82.9138,Sports,"Development of public sports ground in Ward 16, Varanasi",Water Board,17824565.92,16900000.0,16055000.0,16809820.73,84.4,97.7,2024-07-23,2026-01-09,,6,4288815.95,Delayed,10296
MPL-260088,Rajasthan,Jaipur,Jaipur Parliamentary Constituency,27.03246,75.80007,Road,"Construction of cement concrete link road in Ward 17, Jaipur",Public Works Department,7632670.7,7000000.0,8113881.51,5440785.26,67.3,58.0,2025-02-25,2026-04-26,,2,1490230.26,Delayed,16211
MPL-260089,Rajasthan,Udaipur,Udaipur Parliamentary Constituency,24.54728,73.71459,Education,"Additional classrooms and sanitation block at government school in Ward 18, Udaipur",Public Works Department,16805654.16,16400000.0,15580000.0,12643235.09,77.1,75.3,2025-04-28,2026-06-15,,9,1412900.15,Delayed,4740
MPL-260090,Tamil Nadu,Chennai,Chennai Parliamentary Constituency,13.11146,80.35257,Water Supply,"Piped drinking water system with overhead tank in Ward 1, Chennai",Municipal Corporation,17922408.12,17200000.0,17628065.86,17549199.13,86.3,71.7,2025-09-17,2026-09-27,,6,3057704.1,In Progress,5481
MPL-260091,Tamil Nadu,Madurai,Madurai Parliamentary Constituency,9.8743,78.09126,Health,"Upgrade of primary health centre and equipment in Ward 2, Madurai",District Rural Development Agency,7824341.81,7300000.0,9009629.83,7528713.04,92.8,87.0,2024-07-23,2025-04-11,,3,1466436.92,Delayed,10515
MPL-260092,Karnataka,Bengaluru Urban,Bengaluru Urban Parliamentary Constituency,12.99473,77.58612,Community Hall,"Construction of multipurpose community hall in Ward 3, Bengaluru Urban",District Education Office,4988073.21,4900000.0,5012720.17,5232694.41,100.0,100.0,2025-05-22,2026-10-27,2026-11-06,2,506045.73,Completed,15833
MPL-260093,Karnataka,Mysuru,Mysuru Parliamentary Constituency,12.32592,76.55527,Solar Lighting,"Installation of solar street lighting in Ward 4, Mysuru",Municipal Corporation,16201365.54,14800000.0,14060000.0,6908498.65,38.4,44.1,2024-07-19,2025-11-07,,4,802735.04,Delayed,12867
MPL-260094,West Bengal,Kolkata,Kolkata Parliamentary Constituency,22.56149,88.37913,Drainage,"Storm water drain and culvert improvement in Ward 5, Kolkata",District Education Office,2283624.0,2100000.0,2273761.28,636387.44,22.9,20.6,2024-08-11,2025-04-21,,2,145647.94,Delayed,8428
MPL-260095,Assam,Kamrup,Kamrup Parliamentary Constituency,26.15873,91.79599,Sports,"Development of public sports ground in Ward 6, Kamrup",District Rural Development Agency,11209792.06,11200000.0,13037783.87,8930681.78,75.7,71.3,2025-02-03,2026-07-17,,2,1010861.35,Delayed,7323
MPL-260096,Gujarat,Ahmedabad,Ahmedabad Parliamentary Constituency,23.16036,72.55511,Road,"Construction of cement concrete link road in Ward 7, Ahmedabad",Municipal Corporation,5501392.86,5500000.0,5225000.0,4129460.28,76.4,66.1,2024-08-18,2025-04-17,,2,548977.26,Delayed,3520
MPL-260097,Odisha,Khordha,Khordha Parliamentary Constituency,20.14677,85.86053,Education,"Additional classrooms and sanitation block at government school in Ward 8, Khordha",District Rural Development Agency,17630487.36,16300000.0,19836861.47,2726247.19,8.0,34.6,2024-11-24,2025-12-17,,8,804979.41,Delayed,7218
MPL-260098,Maharashtra,Pune,Pune Parliamentary Constituency,18.47314,73.79978,Water Supply,"Piped drinking water system with overhead tank in Ward 9, Pune",Water Board,6608635.1,6100000.0,6304295.08,6155247.3,88.3,90.7,2025-09-23,2026-07-30,,3,1147409.04,Delayed,11272
MPL-260099,Maharashtra,Nagpur,Nagpur Parliamentary Constituency,21.13885,79.10707,Health,"Upgrade of primary health centre and equipment in Ward 10, Nagpur",District Rural Development Agency,10019093.55,9800000.0,9310000.0,5303283.94,63.5,58.6,2025-06-26,2027-02-12,,6,526953.22,In Progress,9390
MPL-260100,Uttar Pradesh,Lucknow,Lucknow Parliamentary Constituency,26.8259,81.00678,Community Hall,"Construction of multipurpose community hall in Ward 11, Lucknow",Water Board,17882397.09,17200000.0,19043315.91,15048329.08,71.5,75.3,2024-11-14,2026-04-06,,5,4044835.48,Delayed,1410
MPL-260101,Uttar Pradesh,Varanasi,Varanasi Parliamentary Constituency,25.31223,82.96374,Solar Lighting,"Installation of solar street lighting in Ward 12, Varanasi",Water Board,12145232.3,11300000.0,10735000.0,7411931.57,52.3,64.1,2025-11-20,2026-09-14,,8,1298144.65,In Progress,14684
MPL-260102,Rajasthan,Jaipur,Jaipur Parliamentary Constituency,26.82931,75.61986,Drainage,"Storm water drain and culvert improvement in Ward 13, Jaipur",Public Works Department,13494643.66,12900000.0,13501399.88,4221113.98,43.8,57.5,2024-12-22,2026-08-13,,4,563668.79,Delayed,13082
MPL-260103,Rajasthan,Udaipur,Udaipur Parliamentary Constituency,24.66968,73.81128,Sports,"Development of public sports ground in Ward 14, Udaipur",Public Works Department,7533749.65,7400000.0,7279917.69,4121893.69,43.3,52.4,2025-04-08,2026-09-08,,6,856525.72,In Progress,17391
MPL-260104,Tamil Nadu,Chennai,Chennai Parliamentary Constituency,13.09761,80.36571,Road,"Construction of cement concrete link road in Ward 15, Chennai",Water Board,16619481.61,16500000.0,17605523.01,16452729.89,85.4,80.7,2025-11-15,2027-03-24,,2,4047395.76,In Progress,4625
MPL-260105,Tamil Nadu,Madurai,Madurai Parliamentary Constituency,9.83215,78.08623,Education,"Additional classrooms and sanitation block at government school in Ward 16, Madurai",Water Board,13624162.08,13300000.0,12635000.0,12668335.3,97.3,88.1,2025-02-24,2026-01-10,,5,3576489.72,Delayed,9735
MPL-260106,Karnataka,Bengaluru Urban,Bengaluru Urban Parliamentary Constituency,12.93465,77.52385,Water Supply,"Piped drinking water system with overhead tank in Ward 17, Bengaluru Urban",District Education Office,4259276.92,3900000.0,4299069.6,2880610.11,63.4,45.8,2024-11-28,2026-07-07,,3,330337.98,Delayed,6000
MPL-260107,Karnataka,Mysuru,Mysuru Parliamentary Constituency,12.3053,76.58218,Health,"Upgrade of primary health centre and equipment in Ward 18, Mysuru",Municipal Corporation,18847024.04,17500000.0,18807758.3,10717186.84,63.8,94.9,2025-09-21,2027-01-25,,4,1651452.15,In Progress,11015
MPL-260108,West Bengal,Kolkata,Kolkata Parliamentary Constituency,22.51458,88.3572,Community Hall,"Construction of multipurpose community hall in Ward 1, Kolkata",District Rural Development Agency,17914893.6,16800000.0,17021435.26,18304759.81,83.9,71.6,2025-03-10,2025-11-27,,4,4466015.07,Delayed,13258
MPL-260109,Assam,Kamrup,Kamrup Parliamentary Constituency,26.15393,91.76503,Solar Lighting,"Installation of solar street lighting in Ward 2, Kamrup",District Education Office,13348522.49,13200000.0,15836983.05,9377258.13,81.3,72.6,2025-02-07,2026-04-08,,5,1279836.7,Delayed,3623
MPL-260110,Gujarat,Ahmedabad,Ahmedabad Parliamentary Constituency,22.99023,72.56148,Drainage,"Storm water drain and culvert improvement in Ward 3, Ahmedabad",Water Board,13491201.4,13300000.0,14955503.71,9093490.59,55.9,75.5,2025-07-09,2026-10-19,,6,1065820.79,In Progress,818
MPL-260111,Odisha,Khordha,Khordha Parliamentary Constituency,20.07155,85.93041,Sports,"Development of public sports ground in Ward 4, Khordha",Water Board,12176637.4,11500000.0,13315912.7,8656093.4,68.2,88.5,2025-04-27,2026-08-22,,8,2226928.83,Delayed,16990
MPL-260112,Maharashtra,Pune,Pune Parliamentary Constituency,18.45348,73.85832,Road,"Construction of cement concrete link road in Ward 5, Pune",Water Board,8526010.18,8000000.0,8041910.34,9161634.18,91.1,98.3,2025-09-22,2027-04-16,,7,2309879.83,In Progress,5542
MPL-260113,Maharashtra,Nagpur,Nagpur Parliamentary Constituency,21.00308,79.0788,Education,"Additional classrooms and sanitation block at government school in Ward 6, Nagpur",District Rural Development Agency,17103384.85,15900000.0,18881370.77,6930914.25,25.8,38.3,2024-10-19,2026-05-18,,4,1502866.43,Delayed,8786
MPL-260114,Uttar Pradesh,Lucknow,Lucknow Parliamentary Constituency,26.85986,80.98952,Water Supply,"Piped drinking water system with overhead tank in Ward 7, Lucknow",Water Board,1751826.83,1700000.0,1751302.3,1493126.33,90.3,93.5,2024-12-20,2026-01-28,,6,215802.85,Delayed,15623
MPL-260115,Uttar Pradesh,Varanasi,Varanasi Parliamentary Constituency,25.39687,82.98378,Health,"Upgrade of primary health centre and equipment in Ward 8, Varanasi",District Rural Development Agency,7713509.44,7300000.0,7685078.81,2890597.32,43.6,37.9,2024-08-27,2025-12-27,,4,685766.71,Delayed,7043
MPL-260116,Rajasthan,Jaipur,Jaipur Parliamentary Constituency,26.93724,75.79842,Community Hall,"Construction of multipurpose community hall in Ward 9, Jaipur",Water Board,4643071.62,4400000.0,4571041.44,3271046.79,58.7,53.0,2024-12-17,2026-05-24,,6,658118.83,Delayed,4185
MPL-260117,Rajasthan,Udaipur,Udaipur Parliamentary Constituency,24.58768,73.70672,Solar Lighting,"Installation of solar street lighting in Ward 10, Udaipur",District Rural Development Agency,5734575.75,5500000.0,5807532.67,3011977.17,59.9,76.0,2024-07-13,2025-07-24,,7,303365.25,Delayed,2561
MPL-260118,Tamil Nadu,Chennai,Chennai Parliamentary Constituency,12.99082,80.27495,Drainage,"Storm water drain and culvert improvement in Ward 11, Chennai",Municipal Corporation,13501880.24,12700000.0,13332023.7,11957159.38,97.8,100.0,2025-08-21,2026-11-19,,6,1055264.19,In Progress,2317
MPL-260119,Tamil Nadu,Madurai,Madurai Parliamentary Constituency,9.95383,78.12143,Sports,"Development of public sports ground in Ward 12, Madurai",District Education Office,15306236.82,15200000.0,16051432.78,9925485.71,65.5,80.7,2025-10-31,2026-09-10,,8,1074214.67,In Progress,3713
MPL-260120,Karnataka,Bengaluru Urban,Bengaluru Urban Parliamentary Constituency,12.999,77.67048,Road,"Construction of cement concrete link road in Ward 13, Bengaluru Urban",Water Board,4576045.8,4500000.0,4352829.53,3895202.6,68.7,100.0,2025-10-18,2026-09-15,,7,352990.04,In Progress,3832
MPL-260121,Karnataka,Mysuru,Mysuru Parliamentary Constituency,12.37118,76.66776,Education,"Additional classrooms and sanitation block at government school in Ward 14, Mysuru",Water Board,4384897.9,4100000.0,4293071.27,2946625.12,79.4,93.5,2025-09-18,2026-05-26,,2,281789.0,Delayed,3062
MPL-260122,West Bengal,Kolkata,Kolkata Parliamentary Constituency,22.49861,88.44468,Water Supply,"Piped drinking water system with overhead tank in Ward 15, Kolkata",Municipal Corporation,3251776.95,3200000.0,3348770.65,2625903.53,90.5,97.2,2024-09-15,2025-09-13,,2,392522.47,Delayed,12961
MPL-260123,Assam,Kamrup,Kamrup Parliamentary Constituency,26.21632,91.86992,Health,"Upgrade of primary health centre and equipment in Ward 16, Kamrup",Water Board,4507182.18,4300000.0,4768829.92,3290075.36,66.1,69.9,2025-01-12,2026-03-14,,4,633709.72,Delayed,4211
MPL-260124,Gujarat,Ahmedabad,Ahmedabad Parliamentary Constituency,23.08023,72.59683,Community Hall,"Construction of multipurpose community hall in Ward 17, Ahmedabad",District Rural Development Agency,5134582.62,4800000.0,4913094.62,4022975.97,73.1,64.8,2025-06-26,2026-07-25,,5,495173.53,Delayed,2332
MPL-260125,Odisha,Khordha,Khordha Parliamentary Constituency,20.31893,85.8277,Solar Lighting,"Installation of solar street lighting in Ward 18, Khordha",District Rural Development Agency,11013829.19,10300000.0,11134647.16,5977672.53,57.8,75.5,2025-11-06,2026-11-21,,3,675638.32,In Progress,6687
MPL-260126,Maharashtra,Pune,Pune Parliamentary Constituency,18.52258,73.86743,Drainage,"Storm water drain and culvert improvement in Ward 1, Pune",Water Board,13655434.46,13200000.0,13782115.84,7660493.53,49.0,46.2,2024-11-29,2025-10-23,,9,1162294.78,Delayed,836
MPL-260127,Maharashtra,Nagpur,Nagpur Parliamentary Constituency,21.27682,79.15834,Sports,"Development of public sports ground in Ward 2, Nagpur",Public Works Department,15230450.19,15000000.0,15770527.16,6864025.15,42.2,44.7,2025-10-20,2026-08-07,,2,1580054.03,Delayed,9330
MPL-260128,Uttar Pradesh,Lucknow,Lucknow Parliamentary Constituency,26.83517,80.90651,Road,"Construction of cement concrete link road in Ward 3, Lucknow",Water Board,15832095.93,15800000.0,15877227.73,15090067.79,100.0,100.0,2024-09-07,2026-02-19,2026-03-01,4,2431532.02,Completed,6023
MPL-260129,Uttar Pradesh,Varanasi,Varanasi Parliamentary Constituency,25.24561,83.00752,Education,"Additional classrooms and sanitation block at government school in Ward 4, Varanasi",District Education Office,7821421.04,7300000.0,8078387.0,5062242.13,69.8,82.5,2024-08-16,2025-08-25,,2,1276150.09,Delayed,1220
MPL-260130,Rajasthan,Jaipur,Jaipur Parliamentary Constituency,26.99438,75.73545,Water Supply,"Piped drinking water system with overhead tank in Ward 5, Jaipur",District Rural Development Agency,13590656.13,13200000.0,16109850.99,14677908.62,93.5,100.0,2025-02-26,2025-12-01,,8,1651387.61,Delayed,3075
MPL-260131,Rajasthan,Udaipur,Udaipur Parliamentary Constituency,24.51732,73.7209,Health,"Upgrade of primary health centre and equipment in Ward 6, Udaipur",District Rural Development Agency,18140376.34,17700000.0,18960562.14,15971723.48,84.7,96.9,2025-07-24,2026-07-15,,4,2052937.46,Delayed,10655
MPL-260132,Tamil Nadu,Chennai,Chennai Parliamentary Constituency,12.98581,80.32261,Community Hall,"Construction of multipurpose community hall in Ward 7, Chennai",District Education Office,9968220.99,9800000.0,10784838.23,9289595.53,86.2,94.8,2025-02-07,2026-03-02,,6,1692112.11,Delayed,8040
MPL-260133,Tamil Nadu,Madurai,Madurai Parliamentary Constituency,9.81545,78.19115,Solar Lighting,"Installation of solar street lighting in Ward 8, Madurai",Water Board,7131703.16,6600000.0,6270000.0,6223477.52,69.3,64.3,2025-07-22,2026-06-11,,5,498954.93,Delayed,14738
MPL-260134,Karnataka,Bengaluru Urban,Bengaluru Urban Parliamentary Constituency,12.95226,77.54509,Drainage,"Storm water drain and culvert improvement in Ward 9, Bengaluru Urban",District Education Office,8471309.74,8000000.0,9645951.47,7435463.94,99.1,100.0,2025-03-10,2026-04-21,2026-05-01,6,1047029.07,Completed,5471
MPL-260135,Karnataka,Mysuru,Mysuru Parliamentary Constituency,12.27489,76.66132,Sports,"Development of public sports ground in Ward 10, Mysuru",Municipal Corporation,12268884.85,12100000.0,11495000.0,9373092.94,69.1,74.3,2024-08-03,2025-06-29,,3,2240029.27,Delayed,17436
MPL-260136,West Bengal,Kolkata,Kolkata Parliamentary Constituency,22.54517,88.2729,Road,"Construction of cement concrete link road in Ward 11, Kolkata",Water Board,14732060.17,13600000.0,14738221.65,15910624.99,100.0,100.0,2025-08-01,2026-09-06,2026-09-16,8,2104384.56,Completed,1231
MPL-260137,Assam,Kamrup,Kamrup Parliamentary Constituency,26.1632,91.81342,Education,"Additional classrooms and sanitation block at government school in Ward 12, Kamrup",Municipal Corporation,3339901.52,3100000.0,3590407.23,1607210.43,58.1,77.9,2025-11-19,2027-02-06,,5,147011.95,In Progress,799
MPL-260138,Gujarat,Ahmedabad,Ahmedabad Parliamentary Constituency,23.00771,72.61685,Water Supply,"Piped drinking water system with overhead tank in Ward 13, Ahmedabad",Public Works Department,8201376.84,7800000.0,7718489.8,4097205.17,62.0,85.0,2025-04-30,2026-01-31,,2,329326.82,Delayed,14261
MPL-260139,Odisha,Khordha,Khordha Parliamentary Constituency,20.11349,85.86148,Health,"Upgrade of primary health centre and equipment in Ward 14, Khordha",Public Works Department,6421380.89,6200000.0,7653161.42,5687245.18,66.4,72.8,2025-05-21,2026-02-17,,2,1304904.65,Delayed,785
MPL-260140,Maharashtra,Pune,Pune Parliamentary Constituency,18.58081,73.83106,Community Hall,"Construction of multipurpose community hall in Ward 15, Pune",Municipal Corporation,10577355.27,10300000.0,10436502.75,1754068.48,23.3,20.0,2025-09-11,2027-01-12,,4,230545.6,In Progress,7856
MPL-260141,Maharashtra,Nagpur,Nagpur Parliamentary Constituency,21.26161,79.06735,Solar Lighting,"Installation of solar street lighting in Ward 16, Nagpur",Municipal Corporation,15106197.57,14800000.0,17605651.09,7119595.8,50.4,56.2,2025-08-23,2026-12-03,,2,712607.25,In Progress,4986
MPL-260142,Uttar Pradesh,Lucknow,Lucknow Parliamentary Constituency,26.90591,80.99916,Drainage,"Storm water drain and culvert improvement in Ward 17, Lucknow",Public Works Department,1266603.63,1200000.0,1270891.22,1318103.43,95.9,100.0,2024-09-20,2025-11-19,,6,187609.26,Delayed,5927
MPL-260143,Uttar Pradesh,Varanasi,Varanasi Parliamentary Constituency,25.28176,82.93059,Sports,"Development of public sports ground in Ward 18, Varanasi",Municipal Corporation,10103660.45,9700000.0,10396207.9,5305854.24,63.1,80.9,2024-08-17,2025-07-18,,5,1410846.76,Delayed,4076
MPL-260144,Rajasthan,Jaipur,Jaipur Parliamentary Constituency,26.98385,75.78016,Road,"Construction of cement concrete link road in Ward 1, Jaipur",Public Works Department,6950543.65,6600000.0,7025624.29,4602615.31,58.6,67.0,2025-11-16,2027-03-09,,7,633521.53,In Progress,3560
MPL-260145,Rajasthan,Udaipur,Udaipur Parliamentary Constituency,24.57608,73.62693,Education,"Additional classrooms and sanitation block at government school in Ward 2, Udaipur",Public Works Department,17803154.44,17600000.0,19555714.74,19227406.79,100.0,100.0,2025-07-06,2026-04-11,2026-04-21,9,3819689.76,Completed,12845
MPL-260146,Tamil Nadu,Chennai,Chennai Parliamentary Constituency,13.13194,80.28642,Water Supply,"Piped drinking water system with overhead tank in Ward 3, Chennai",Public Works Department,17353777.06,16700000.0,18376148.95,16708071.94,97.0,100.0,2025-01-21,2025-10-31,,6,3269204.17,Delayed,6031
MPL-260147,Tamil Nadu,Madurai,Madurai Parliamentary Constituency,9.89751,78.05483,Health,"Upgrade of primary health centre and equipment in Ward 4, Madurai",District Education Office,1933781.52,1900000.0,2228898.31,777626.44,39.7,44.8,2025-04-10,2026-01-13,,4,152538.27,Delayed,14422
MPL-260148,Karnataka,Bengaluru Urban,Bengaluru Urban Parliamentary Constituency,13.06836,77.57832,Community Hall,"Construction of multipurpose community hall in Ward 5, Bengaluru Urban",Municipal Corporation,15145573.17,13900000.0,13205000.0,9913614.61,66.2,64.6,2024-09-15,2026-03-25,,3,1141066.57,Delayed,3307
MPL-260149,Karnataka,Mysuru,Mysuru Parliamentary Constituency,12.296,76.70771,Solar Lighting,"Installation of solar street lighting in Ward 6, Mysuru",District Education Office,8997794.37,8400000.0,7980000.0,8291744.98,100.0,100.0,2025-04-04,2026-05-12,2026-05-22,5,1811027.4,Completed,5969
MPL-260150,West Bengal,Kolkata,Kolkata Parliamentary Constituency,22.56387,88.2937,Drainage,"Storm water drain and culvert improvement in Ward 7, Kolkata",District Education Office,4504359.73,4500000.0,4654773.97,2396272.69,45.5,42.8,2025-08-21,2026-05-12,,4,697902.99,Delayed,10944
MPL-260151,Assam,Kamrup,Kamrup Parliamentary Constituency,26.06937,91.67839,Sports,"Development of public sports ground in Ward 8, Kamrup",Municipal Corporation,15446609.25,14900000.0,14981912.37,10867270.65,62.0,72.1,2024-07-23,2025-09-20,,7,2052922.68,Delayed,11613
MPL-260152,Gujarat,Ahmedabad,Ahmedabad Parliamentary Constituency,23.00094,72.54421,Road,"Construction of cement concrete link road in Ward 9, Ahmedabad",District Education Office,4139490.04,3800000.0,3750737.91,4470649.24,100.0,82.1,2024-10-30,2026-04-15,2026-04-25,8,1099948.52,Completed,11029
MPL-260153,Odisha,Khordha,Khordha Parliamentary Constituency,20.12926,85.94629,Education,"Additional classrooms and sanitation block at government school in Ward 10, Khordha",Municipal Corporation,12582545.02,11700000.0,14013858.51,11833619.64,96.0,100.0,2025-04-25,2026-01-21,,2,1494913.39,Delayed,13259
MPL-260154,Maharashtra,Pune,Pune Parliamentary Constituency,18.46302,73.81641,Water Supply,"Piped drinking water system with overhead tank in Ward 11, Pune",District Education Office,11374928.65,10800000.0,10717643.75,8674072.35,75.4,81.3,2025-02-28,2025-11-18,,9,1739759.66,Delayed,10735
MPL-260155,Maharashtra,Nagpur,Nagpur Parliamentary Constituency,21.13582,79.04671,Health,"Upgrade of primary health centre and equipment in Ward 12, Nagpur",Water Board,16161292.25,15000000.0,14371094.69,15305293.95,100.0,91.0,2025-07-29,2027-02-25,2027-03-07,7,3378375.25,Completed,312
MPL-260156,Uttar Pradesh,Lucknow,Lucknow Parliamentary Constituency,26.72542,81.01214,Community Hall,"Construction of multipurpose community hall in Ward 13, Lucknow",Public Works Department,13910302.15,12700000.0,13297643.83,10493006.92,77.0,89.1,2024-09-07,2026-02-25,,4,2800914.43,Delayed,11446
MPL-260157,Uttar Pradesh,Varanasi,Varanasi Parliamentary Constituency,25.3784,83.0472,Solar Lighting,"Installation of solar street lighting in Ward 14, Varanasi",Municipal Corporation,1745095.69,1700000.0,1846491.8,1483613.84,88.9,100.0,2025-02-16,2025-11-13,,5,254126.44,Delayed,4714
MPL-260158,Rajasthan,Jaipur,Jaipur Parliamentary Constituency,26.94079,75.81996,Drainage,"Storm water drain and culvert improvement in Ward 15, Jaipur",Public Works Department,16965498.97,15500000.0,14725000.0,11345782.98,58.8,62.8,2025-06-11,2026-02-15,,6,2515548.39,Delayed,14540
MPL-260159,Rajasthan,Udaipur,Udaipur Parliamentary Constituency,24.66105,73.57076,Sports,"Development of public sports ground in Ward 16, Udaipur",District Education Office,4560064.04,4200000.0,3990000.0,3500973.8,78.2,92.5,2025-07-19,2026-05-08,,6,921690.57,Delayed,11608
MPL-260160,Tamil Nadu,Chennai,Chennai Parliamentary Constituency,13.05629,80.25779,Road,"Construction of cement concrete link road in Ward 17, Chennai",Public Works Department,2020780.37,1900000.0,1962920.8,2127715.04,100.0,100.0,2025-07-06,2026-11-05,2026-11-15,5,457402.51,Completed,13385
MPL-260161,Tamil Nadu,Madurai,Madurai Parliamentary Constituency,9.85059,78.09866,Education,"Additional classrooms and sanitation block at government school in Ward 18, Madurai",District Education Office,3112401.15,3000000.0,2907919.6,1686760.55,60.6,63.0,2025-05-17,2027-01-05,,4,183579.14,In Progress,8035
MPL-260162,Karnataka,Bengaluru Urban,Bengaluru Urban Parliamentary Constituency,12.9547,77.50903,Water Supply,"Piped drinking water system with overhead tank in Ward 1, Bengaluru Urban",District Education Office,10679965.44,10500000.0,10618883.34,8605235.79,79.4,77.0,2024-10-06,2026-02-08,,6,1575448.88,Delayed,12090
MPL-260163,Karnataka,Mysuru,Mysuru Parliamentary Constituency,12.31135,76.55042,Health,"Upgrade of primary health centre and equipment in Ward 2, Mysuru",Municipal Corporation,1804904.23,1700000.0,1860614.37,1504290.87,79.2,80.6,2025-08-10,2027-01-15,,3,123683.76,In Progress,2656
MPL-260164,West Bengal,Kolkata,Kolkata Parliamentary Constituency,22.50552,88.34594,Community Hall,"Construction of multipurpose community hall in Ward 3, Kolkata",Public Works Department,15162833.77,14700000.0,15436614.03,9777534.11,58.1,63.2,2025-06-07,2026-11-25,,3,2006452.91,In Progress,17840
MPL-260165,Assam,Kamrup,Kamrup Parliamentary Constituency,26.09176,91.84644,Solar Lighting,"Installation of solar street lighting in Ward 4, Kamrup",Municipal Corporation,7632414.74,7000000.0,7119146.45,5923816.22,78.0,78.4,2025-10-17,2026-07-29,,7,758829.42,Delayed,14688
MPL-260166,Gujarat,Ahmedabad,Ahmedabad Parliamentary Constituency,23.05458,72.64117,Drainage,"Storm water drain and culvert improvement in Ward 5, Ahmedabad",District Education Office,7508774.47,7100000.0,6875013.36,4139486.18,66.2,72.5,2024-10-01,2026-04-05,,6,1165244.86,Delayed,12598
MPL-260167,Odisha,Khordha,Khordha Parliamentary Constituency,20.11655,85.8237,Sports,"Development of public sports ground in Ward 6, Khordha",Water Board,6059097.75,6000000.0,6716143.73,2129756.15,46.9,50.3,2025-09-11,2026-12-31,,2,384440.96,In Progress,11294
MPL-260168,Maharashtra,Pune,Pune Parliamentary Constituency,18.59877,73.75269,Road,"Construction of cement concrete link road in Ward 7, Pune",Municipal Corporation,6731648.85,6200000.0,6161875.9,5829119.69,77.0,80.3,2024-09-18,2026-02-05,,9,697775.38,Delayed,12997
MPL-260169,Maharashtra,Nagpur,Nagpur Parliamentary Constituency,21.0787,79.11337,Education,"Additional classrooms and sanitation block at government school in Ward 8, Nagpur",Water Board,7441190.77,6900000.0,7720868.57,8036486.03,94.9,84.8,2024-12-21,2025-09-15,,6,708470.62,Delayed,1176
MPL-260170,Uttar Pradesh,Lucknow,Lucknow Parliamentary Constituency,26.9381,80.93035,Water Supply,"Piped drinking water system with overhead tank in Ward 9, Lucknow",Public Works Department,2626187.01,2600000.0,2596714.82,1594493.0,51.3,37.9,2025-08-14,2027-01-23,,7,203233.06,In Progress,17427
MPL-260171,Uttar Pradesh,Varanasi,Varanasi Parliamentary Constituency,25.29088,82.97614,Health,"Upgrade of primary health centre and equipment in Ward 10, Varanasi",Municipal Corporation,8367199.09,8200000.0,9009443.93,8045556.58,91.2,100.0,2025-08-17,2027-01-15,,4,832656.78,In Progress,14238
MPL-260172,Rajasthan,Jaipur,Jaipur Parliamentary Constituency,27.04413,75.80136,Community Hall,"Construction of multipurpose community hall in Ward 11, Jaipur",Public Works Department,6645344.61,6600000.0,7638590.19,4039834.55,53.3,79.4,2024-09-24,2026-04-10,,7,639214.27,Delayed,7738
MPL-260173,Rajasthan,Udaipur,Udaipur Parliamentary Constituency,24.57434,73.66145,Solar Lighting,"Installation of solar street lighting in Ward 12, Udaipur",District Rural Development Agency,16820305.17,16000000.0,15200000.0,12508262.82,66.9,85.6,2025-09-11,2026-06-01,,7,1032213.75,Delayed,16820
MPL-260174,Tamil Nadu,Chennai,Chennai Parliamentary Constituency,13.02474,80.26823,Drainage,"Storm water drain and culvert improvement in Ward 13, Chennai",Water Board,14850042.99,14500000.0,17839329.18,16038046.43,99.2,100.0,2024-10-11,2025-10-03,2025-10-13,5,3724955.31,Completed,17894
MPL-260175,Tamil Nadu,Madurai,Madurai Parliamentary Constituency,9.89884,78.05657,Sports,"Development of public sports ground in Ward 14, Madurai",Public Works Department,5121510.71,4700000.0,4931529.31,2623241.1,52.9,66.5,2025-08-10,2027-01-11,,7,220200.53,In Progress,14061
MPL-260176,Karnataka,Bengaluru Urban,Bengaluru Urban Parliamentary Constituency,13.00286,77.52239,Road,"Construction of cement concrete link road in Ward 15, Bengaluru Urban",Public Works Department,11942780.02,11600000.0,12101436.91,10531257.82,73.2,60.2,2025-05-15,2026-07-23,,8,2265266.32,Delayed,13781
MPL-260177,Karnataka,Mysuru,Mysuru Parliamentary Constituency,12.31905,76.62828,Education,"Additional classrooms and sanitation block at government school in Ward 16, Mysuru",Water Board,8270843.37,7600000.0,7309449.73,7904703.98,94.3,92.5,2024-08-08,2025-05-21,,3,1292419.93,Delayed,8546
MPL-260178,West Bengal,Kolkata,Kolkata Parliamentary Constituency,22.55305,88.38104,Water Supply,"Piped drinking water system with overhead tank in Ward 17, Kolkata",Municipal Corporation,15767978.94,14800000.0,15244930.95,13939805.16,80.9,88.3,2025-03-25,2026-10-10,,4,2380834.98,In Progress,396
MPL-260179,Assam,Kamrup,Kamrup Parliamentary Constituency,26.1091,91.60341,Health,"Upgrade of primary health centre and equipment in Ward 18, Kamrup",Public Works Department,1362603.14,1300000.0,1585825.35,951428.23,65.2,81.2,2024-11-29,2025-10-06,,9,225191.31,Delayed,4703
MPL-260180,Gujarat,Ahmedabad,Ahmedabad Parliamentary Constituency,23.02953,72.5793,Community Hall,"Construction of multipurpose community hall in Ward 1, Ahmedabad",Water Board,17068660.79,16400000.0,15676832.02,18434153.65,98.1,100.0,2025-06-28,2026-03-23,2026-04-02,7,3667113.95,Completed,1749
MPL-260181,Odisha,Khordha,Khordha Parliamentary Constituency,20.09005,85.79962,Solar Lighting,"Installation of solar street lighting in Ward 2, Khordha",District Education Office,1730243.47,1700000.0,1945112.38,1625079.07,80.1,94.2,2025-07-06,2026-09-09,,3,317123.4,In Progress,2695
MPL-260182,Maharashtra,Pune,Pune Parliamentary Constituency,18.51189,73.85376,Drainage,"Storm water drain and culvert improvement in Ward 3, Pune",Municipal Corporation,10105518.02,9300000.0,12090000.0,9470138.77,82.2,67.4,2025-09-09,2027-03-03,,4,843681.39,In Progress,8271
MPL-260183,Maharashtra,Nagpur,Nagpur Parliamentary Constituency,21.21055,79.10414,Sports,"Development of public sports ground in Ward 4, Nagpur",District Rural Development Agency,15787205.08,15700000.0,15913529.42,13164057.81,81.6,83.1,2025-07-04,2026-05-29,,4,3653381.64,Delayed,14114
MPL-260184,Uttar Pradesh,Lucknow,Lucknow Parliamentary Constituency,26.86724,80.96264,Road,"Construction of cement concrete link road in Ward 5, Lucknow",Municipal Corporation,9198099.85,9000000.0,8878936.66,8667639.79,100.0,91.5,2025-09-19,2026-08-19,2026-08-29,9,1164974.09,Completed,9949
MPL-260185,Uttar Pradesh,Varanasi,Varanasi Parliamentary Constituency,25.35444,82.93696,Education,"Additional classrooms and sanitation block at government school in Ward 6, Varanasi",District Rural Development Agency,11555130.4,10700000.0,11588946.18,9479907.32,72.7,86.7,2025-03-29,2026-05-10,,8,1917261.3,Delayed,12476
MPL-260186,Rajasthan,Jaipur,Jaipur Parliamentary Constituency,26.93365,75.71339,Water Supply,"Piped drinking water system with overhead tank in Ward 7, Jaipur",District Rural Development Agency,5128925.95,4900000.0,4727105.04,4433920.34,100.0,86.5,2025-09-29,2026-08-15,2026-08-25,7,444239.49,Completed,3934
MPL-260187,Rajasthan,Udaipur,Udaipur Parliamentary Constituency,24.66117,73.69744,Health,"Upgrade of primary health centre and equipment in Ward 8, Udaipur",District Rural Development Agency,13690063.29,13500000.0,13521607.57,10237199.19,68.0,70.3,2025-09-16,2026-11-28,,3,1079697.66,In Progress,12538
MPL-260188,Tamil Nadu,Chennai,Chennai Parliamentary Constituency,13.07957,80.34184,Community Hall,"Construction of multipurpose community hall in Ward 9, Chennai",District Education Office,11623306.31,10900000.0,12676910.61,8413831.88,83.1,100.0,2025-07-12,2026-03-26,,7,2487258.09,Delayed,3489
MPL-260189,Tamil Nadu,Madurai,Madurai Parliamentary Constituency,9.8738,78.02133,Solar Lighting,"Installation of solar street lighting in Ward 10, Madurai",Water Board,6418145.16,6000000.0,7800000.0,3730960.76,58.7,58.3,2024-11-06,2025-12-01,,4,836725.35,Delayed,4044
MPL-260190,Karnataka,Bengaluru Urban,Bengaluru Urban Parliamentary Constituency,12.97736,77.57734,Drainage,"Storm water drain and culvert improvement in Ward 11, Bengaluru Urban",District Education Office,2852526.05,2800000.0,3173840.89,2208724.1,58.6,67.6,2025-04-14,2026-10-19,,4,568304.6,In Progress,15084
MPL-260191,Karnataka,Mysuru,Mysuru Parliamentary Constituency,12.26904,76.65228,Sports,"Development of public sports ground in Ward 12, Mysuru",Public Works Department,18347094.74,16900000.0,20594121.8,16560582.77,85.7,83.2,2024-12-02,2025-12-31,,7,3986537.18,Delayed,11027
MPL-260192,West Bengal,Kolkata,Kolkata Parliamentary Constituency,22.5194,88.25762,Road,"Construction of cement concrete link road in Ward 13, Kolkata",Water Board,14294182.52,14000000.0,14255804.75,13644199.31,84.3,70.9,2025-08-12,2026-08-30,,2,3393576.64,Delayed,5662
MPL-260193,Assam,Kamrup,Kamrup Parliamentary Constituency,26.15312,91.77601,Education,"Additional classrooms and sanitation block at government school in Ward 14, Kamrup",Public Works Department,4724083.93,4300000.0,4689768.6,3478555.93,58.7,48.8,2024-11-01,2025-11-21,,6,480927.84,Delayed,10914
MPL-260194,Gujarat,Ahmedabad,Ahmedabad Parliamentary Constituency,23.03279,72.55154,Water Supply,"Piped drinking water system with overhead tank in Ward 15, Ahmedabad",Municipal Corporation,9499838.81,9300000.0,9199507.66,9485904.59,100.0,96.2,2025-04-28,2026-04-11,2026-04-21,3,1962842.69,Completed,16073
MPL-260195,Odisha,Khordha,Khordha Parliamentary Constituency,20.23665,85.82634,Health,"Upgrade of primary health centre and equipment in Ward 16, Khordha",Water Board,7688740.0,7000000.0,7250643.84,6062938.32,75.7,72.5,2025-07-28,2026-08-28,,9,824788.64,Delayed,1262
MPL-260196,Maharashtra,Pune,Pune Parliamentary Constituency,18.51236,73.81147,Community Hall,"Construction of multipurpose community hall in Ward 17, Pune",District Education Office,14900796.01,13600000.0,12920000.0,8321902.99,58.7,62.2,2025-06-18,2026-03-20,,5,1618217.88,Delayed,16007
MPL-260197,Maharashtra,Nagpur,Nagpur Parliamentary Constituency,21.08095,78.99095,Solar Lighting,"Installation of solar street lighting in Ward 18, Nagpur",Municipal Corporation,10196738.44,10100000.0,10980873.08,8960837.04,91.8,90.8,2025-01-11,2026-05-01,,2,2679574.9,Delayed,9126
MPL-260198,Uttar Pradesh,Lucknow,Lucknow Parliamentary Constituency,26.7525,80.9894,Drainage,"Storm water drain and culvert improvement in Ward 1, Lucknow",Public Works Department,15306936.53,14700000.0,16684694.57,8041149.05,57.1,72.2,2024-12-07,2026-04-01,,4,1100496.52,Delayed,11185
MPL-260199,Uttar Pradesh,Varanasi,Varanasi Parliamentary Constituency,25.29345,83.0128,Sports,"Development of public sports ground in Ward 2, Varanasi",District Rural Development Agency,18232919.81,17700000.0,21306565.14,18457529.4,91.6,100.0,2025-11-13,2026-09-06,,5,5228908.28,In Progress,11177
MPL-260200,Rajasthan,Jaipur,Jaipur Parliamentary Constituency,26.84711,75.71013,Road,"Construction of cement concrete link road in Ward 3, Jaipur",Water Board,7868009.06,7600000.0,8896953.31,7750989.6,92.7,97.0,2025-10-08,2026-06-14,,5,1014901.51,Delayed,7872
MPL-260201,Rajasthan,Udaipur,Udaipur Parliamentary Constituency,24.58439,73.78808,Education,"Additional classrooms and sanitation block at government school in Ward 4, Udaipur",Public Works Department,14912478.77,13700000.0,16154179.93,15470497.95,96.3,100.0,2024-09-07,2026-04-06,,4,1810773.67,Delayed,6927
MPL-260202,Tamil Nadu,Chennai,Chennai Parliamentary Constituency,13.08955,80.28099,Water Supply,"Piped drinking water system with overhead tank in Ward 5, Chennai",Water Board,17220882.32,15700000.0,17159142.31,11567005.62,60.0,67.3,2025-02-04,2026-04-18,,6,2063180.95,Delayed,14173
MPL-260203,Tamil Nadu,Madurai,Madurai Parliamentary Constituency,10.0221,78.11474,Health,"Upgrade of primary health centre and equipment in Ward 6, Madurai",Public Works Department,10184233.72,10100000.0,9967017.75,8533648.84,79.8,100.0,2024-08-14,2026-01-20,,9,900930.94,Delayed,4359
MPL-260204,Karnataka,Bengaluru Urban,Bengaluru Urban Parliamentary Constituency,12.97412,77.55705,Community Hall,"Construction of multipurpose community hall in Ward 7, Bengaluru Urban",District Education Office,15329170.65,14200000.0,14702233.43,9447256.19,67.7,56.5,2024-07-13,2025-03-30,,2,1965033.96,Delayed,17631
MPL-260205,Karnataka,Mysuru,Mysuru Parliamentary Constituency,12.2773,76.57108,Solar Lighting,"Installation of solar street lighting in Ward 8, Mysuru",District Education Office,6595287.62,6000000.0,6798072.41,1213924.97,17.6,20.0,2025-07-16,2026-10-19,,5,263838.86,In Progress,13115
MPL-260206,West Bengal,Kolkata,Kolkata Parliamentary Constituency,22.51259,88.35778,Drainage,"Storm water drain and culvert improvement in Ward 9, Kolkata",Public Works Department,8050107.16,8000000.0,7696698.35,7517610.22,74.3,84.8,2024-12-08,2026-03-19,,6,1984181.07,Delayed,7103
MPL-260207,Assam,Kamrup,Kamrup Parliamentary Constituency,26.23322,91.71633,Sports,"Development of public sports ground in Ward 10, Kamrup",Public Works Department,4621546.52,4400000.0,4854380.87,2298602.1,65.3,71.1,2024-09-21,2025-06-16,,7,420575.74,Delayed,7941
MPL-260208,Gujarat,Ahmedabad,Ahmedabad Parliamentary Constituency,23.01063,72.67593,Road,"Construction of cement concrete link road in Ward 11, Ahmedabad",District Rural Development Agency,5956513.69,5500000.0,6186331.79,4252826.31,66.9,58.2,2024-11-24,2026-01-22,,3,471008.88,Delayed,4102
MPL-260209,Odisha,Khordha,Khordha Parliamentary Constituency,20.18851,85.87218,Education,"Additional classrooms and sanitation block at government school in Ward 12, Khordha",District Education Office,8534624.17,8400000.0,9562047.93,9122338.25,95.0,100.0,2024-11-13,2026-04-23,,9,979347.91,Delayed,10976
MPL-260210,Maharashtra,Pune,Pune Parliamentary Constituency,18.48878,73.87329,Water Supply,"Piped drinking water system with overhead tank in Ward 13, Pune",Water Board,15269784.77,14900000.0,16068136.73,15312517.65,100.0,98.9,2024-09-25,2025-10-23,2025-11-02,3,4575543.95,Completed,3003
MPL-260211,Maharashtra,Nagpur,Nagpur Parliamentary Constituency,21.30775,79.13004,Health,"Upgrade of primary health centre and equipment in Ward 14, Nagpur",District Rural Development Agency,5590252.36,5300000.0,5738870.34,4727212.06,65.8,67.7,2025-11-07,2027-05-24,,8,1229882.74,In Progress,16529
MPL-260212,Uttar Pradesh,Lucknow,Lucknow Parliamentary Constituency,26.84271,80.9286,Community Hall,"Construction of multipurpose community hall in Ward 15, Lucknow",District Rural Development Agency,7162453.35,6600000.0,6450747.08,4699233.79,62.6,78.0,2025-02-04,2026-02-24,,2,576058.34,Delayed,15572
MPL-260213,Uttar Pradesh,Varanasi,Varanasi Parliamentary Constituency,25.2511,82.92558,Solar Lighting,"Installation of solar street lighting in Ward 16, Varanasi",District Rural Development Agency,17333200.71,16100000.0,15295000.0,16348427.08,85.4,96.8,2024-11-08,2026-06-02,,3,4727157.43,Delayed,14617
MPL-260214,Rajasthan,Jaipur,Jaipur Parliamentary Constituency,26.81298,75.78893,Drainage,"Storm water drain and culvert improvement in Ward 17, Jaipur",Municipal Corporation,12230610.96,11700000.0,13185387.85,8169759.32,60.2,54.9,2025-05-06,2026-05-18,,6,1501689.89,Delayed,6905
MPL-260215,Rajasthan,Udaipur,Udaipur Parliamentary Constituency,24.67274,73.58549,Sports,"Development of public sports ground in Ward 18, Udaipur",District Education Office,18926640.17,17700000.0,18546236.11,10068021.56,43.3,59.9,2025-03-24,2026-09-17,,9,1698220.59,In Progress,16270
MPL-260216,Tamil Nadu,Chennai,Chennai Parliamentary Constituency,13.09574,80.2917,Road,"Construction of cement concrete link road in Ward 1, Chennai",Water Board,13203107.45,12800000.0,14152912.5,13632350.56,95.0,100.0,2025-07-29,2026-04-20,,8,3495444.79,Delayed,11106
MPL-260217,Tamil Nadu,Madurai,Madurai Parliamentary Constituency,9.83292,78.21561,Education,"Additional classrooms and sanitation block at government school in Ward 2, Madurai",Public Works Department,5338456.4,5200000.0,5201005.05,3168264.94,63.6,71.7,2025-10-31,2027-01-13,,6,646282.55,In Progress,585
MPL-260218,Karnataka,Bengaluru Urban,Bengaluru Urban Parliamentary Constituency,12.97643,77.56664,Water Supply,"Piped drinking water system with overhead tank in Ward 3, Bengaluru Urban",Water Board,5378600.19,5100000.0,5682132.47,3091464.81,75.3,58.2,2024-12-05,2025-10-19,,6,835766.93,Delayed,12605
MPL-260219,Karnataka,Mysuru,Mysuru Parliamentary Constituency,12.22213,76.57822,Health,"Upgrade of primary health centre and equipment in Ward 4, Mysuru",Water Board,4398332.58,4200000.0,5003322.69,3467458.34,80.0,79.1,2025-08-01,2027-01-30,,8,958191.32,In Progress,3121
MPL-260220,West Bengal,Kolkata,Kolkata Parliamentary Constituency,22.62641,88.23896,Community Hall,"Construction of multipurpose community hall in Ward 5, Kolkata",District Rural Development Agency,14089719.44,13200000.0,12844367.41,11900744.62,72.8,83.5,2025-04-08,2026-10-14,,7,1782295.84,In Progress,8252
MPL-260221,Assam,Kamrup,Kamrup Parliamentary Constituency,26.08938,91.67539,Solar Lighting,"Installation of solar street lighting in Ward 6, Kamrup",District Rural Development Agency,10051659.43,9400000.0,10250911.21,7849241.92,82.3,69.5,2024-08-09,2025-11-14,,4,1866161.66,Delayed,10749
MPL-260222,Gujarat,Ahmedabad,Ahmedabad Parliamentary Constituency,23.01307,72.61647,Drainage,"Storm water drain and culvert improvement in Ward 7, Ahmedabad",Municipal Corporation,7863757.6,7700000.0,8548542.22,6651499.39,83.3,76.3,2024-11-07,2025-09-16,,8,1747330.18,Delayed,7764
MPL-260223,Odisha,Khordha,Khordha Parliamentary Constituency,20.2189,85.85536,Sports,"Development of public sports ground in Ward 8, Khordha",Water Board,4781693.46,4700000.0,4626938.99,4362395.27,79.7,100.0,2024-09-06,2025-09-21,,3,772449.29,Delayed,17601
MPL-260224,Maharashtra,Pune,Pune Parliamentary Constituency,18.55565,73.90796,Road,"Construction of cement concrete link road in Ward 9, Pune",Water Board,10222818.83,9500000.0,9782970.27,9744324.21,86.4,97.7,2025-09-23,2027-02-10,,3,2599229.3,In Progress,2185
MPL-260225,Maharashtra,Nagpur,Nagpur Parliamentary Constituency,21.20604,79.04661,Education,"Additional classrooms and sanitation block at government school in Ward 10, Nagpur",Water Board,5672344.01,5500000.0,5484830.18,5416449.0,79.8,87.3,2024-08-26,2026-03-17,,4,1435510.31,Delayed,9545
MPL-260226,Uttar Pradesh,Lucknow,Lucknow Parliamentary Constituency,26.80316,80.97236,Water Supply,"Piped drinking water system with overhead tank in Ward 11, Lucknow",District Rural Development Agency,18919084.43,17600000.0,19420762.0,15317910.06,82.4,100.0,2025-04-01,2026-03-28,,9,4038942.07,Delayed,16552
MPL-260227,Uttar Pradesh,Varanasi,Varanasi Parliamentary Constituency,25.31707,82.99039,Health,"Upgrade of primary health centre and equipment in Ward 12, Varanasi",Municipal Corporation,9068618.36,9000000.0,9173106.93,7744074.66,82.3,83.3,2024-11-22,2025-11-18,,6,1979192.28,Delayed,2554
MPL-260228,Rajasthan,Jaipur,Jaipur Parliamentary Constituency,26.94215,75.78148,Community Hall,"Construction of multipurpose community hall in Ward 13, Jaipur",District Education Office,5263687.66,5000000.0,4750000.0,3175713.04,69.9,87.1,2024-09-19,2025-12-17,,3,937811.51,Delayed,10517
MPL-260229,Rajasthan,Udaipur,Udaipur Parliamentary Constituency,24.64073,73.79863,Solar Lighting,"Installation of solar street lighting in Ward 14, Udaipur",District Rural Development Agency,3392723.66,3300000.0,3688825.24,2528559.46,72.6,81.7,2025-10-29,2026-11-21,,5,567259.73,In Progress,4448
MPL-260230,Tamil Nadu,Chennai,Chennai Parliamentary Constituency,13.11947,80.18231,Drainage,"Storm water drain and culvert improvement in Ward 15, Chennai",District Education Office,14100699.49,13300000.0,15585599.44,7759697.34,52.7,56.7,2025-06-27,2026-04-29,,9,1178174.57,Delayed,6370
MPL-260231,Tamil Nadu,Madurai,Madurai Parliamentary Constituency,9.89207,78.1677,Sports,"Development of public sports ground in Ward 16, Madurai",District Education Office,13276001.84,13000000.0,14309004.91,12514971.43,92.0,96.2,2024-09-12,2025-12-25,,5,1607853.03,Delayed,16661
MPL-260232,Karnataka,Bengaluru Urban,Bengaluru Urban Parliamentary Constituency,12.92686,77.58871,Road,"Construction of cement concrete link road in Ward 17, Bengaluru Urban",Water Board,4928265.14,4700000.0,5334105.88,4106266.44,75.4,83.7,2025-03-15,2026-10-08,,2,832502.69,In Progress,12521
MPL-260233,Karnataka,Mysuru,Mysuru Parliamentary Constituency,12.28804,76.61553,Education,"Additional classrooms and sanitation block at government school in Ward 18, Mysuru",District Rural Development Agency,16682879.58,15800000.0,16150616.25,12170511.58,87.4,84.4,2024-11-27,2026-01-15,,8,2311588.2,Delayed,1939
MPL-260234,West Bengal,Kolkata,Kolkata Parliamentary Constituency,22.66056,88.3878,Water Supply,"Piped drinking water system with overhead tank in Ward 1, Kolkata",District Education Office,5560909.55,5400000.0,5987449.01,4163065.88,71.7,94.3,2025-05-01,2026-02-16,,7,368314.62,Delayed,17883
MPL-260235,Assam,Kamrup,Kamrup Parliamentary Constituency,26.09251,91.63026,Health,"Upgrade of primary health centre and equipment in Ward 2, Kamrup",District Education Office,15581451.01,15100000.0,17128653.08,7533195.22,51.7,41.6,2025-03-29,2026-05-21,,9,682711.33,Delayed,4097
MPL-260236,Gujarat,Ahmedabad,Ahmedabad Parliamentary Constituency,23.05303,72.604,Community Hall,"Construction of multipurpose community hall in Ward 3, Ahmedabad",District Education Office,2122949.83,2000000.0,2013251.38,1574635.57,68.0,92.1,2025-01-06,2025-12-27,,5,179414.82,Delayed,5315
MPL-260237,Odisha,Khordha,Khordha Parliamentary Constituency,20.12491,85.85406,Solar Lighting,"Installation of solar street lighting in Ward 4, Khordha",Municipal Corporation,4319487.28,4100000.0,4883920.78,3595045.28,64.4,72.3,2025-07-13,2027-02-19,,8,597331.86,In Progress,17540
MPL-260238,Maharashtra,Pune,Pune Parliamentary Constituency,18.38819,73.75764,Drainage,"Storm water drain and culvert improvement in Ward 5, Pune",Municipal Corporation,12494530.18,12000000.0,13516771.77,9757148.48,69.0,64.6,2025-07-29,2026-08-29,,7,1036556.83,Delayed,6015
MPL-260239,Maharashtra,Nagpur,Nagpur Parliamentary Constituency,21.13151,78.98855,Sports,"Development of public sports ground in Ward 6, Nagpur",District Education Office,4784150.38,4600000.0,4453091.45,4266775.35,85.0,87.4,2025-02-25,2026-07-06,,9,837322.24,Delayed,5138
MPL-260240,Uttar Pradesh,Lucknow,Lucknow Parliamentary Constituency,26.91541,80.96005,Road,"Construction of cement concrete link road in Ward 7, Lucknow",Water Board,5459526.6,5300000.0,5447002.16,4503699.41,90.5,100.0,2025-03-27,2026-08-01,,8,1092665.56,Delayed,6815
MPL-260241,Uttar Pradesh,Varanasi,Varanasi Parliamentary Constituency,25.3306,83.08572,Education,"Additional classrooms and sanitation block at government school in Ward 8, Varanasi",Water Board,9915301.66,9200000.0,9616384.41,7077156.95,64.8,66.3,2025-08-21,2026-06-13,,2,1863323.82,Delayed,6878
MPL-260242,Rajasthan,Jaipur,Jaipur Parliamentary Constituency,26.9433,75.88554,Water Supply,"Piped drinking water system with overhead tank in Ward 9, Jaipur",Municipal Corporation,2772519.1,2700000.0,2940442.52,2564049.42,85.6,100.0,2024-11-11,2025-11-02,,3,750974.99,Delayed,2928
MPL-260243,Rajasthan,Udaipur,Udaipur Parliamentary Constituency,24.6831,73.64807,Health,"Upgrade of primary health centre and equipment in Ward 10, Udaipur",Municipal Corporation,16141280.31,15700000.0,17445108.83,5147541.94,45.9,37.1,2025-10-30,2026-09-28,,3,878458.23,In Progress,17898
MPL-260244,Tamil Nadu,Chennai,Chennai Parliamentary Constituency,13.11133,80.34298,Community Hall,"Construction of multipurpose community hall in Ward 11, Chennai",District Education Office,8457041.44,8300000.0,8522241.01,7670208.65,85.7,100.0,2025-08-19,2026-08-14,,3,1692931.32,Delayed,2055
MPL-260245,Tamil Nadu,Madurai,Madurai Parliamentary Constituency,9.93712,78.12193,Solar Lighting,"Installation of solar street lighting in Ward 12, Madurai",Municipal Corporation,13622170.2,13500000.0,15628919.72,8501198.6,54.6,67.7,2025-09-14,2027-01-26,,4,1085949.13,In Progress,14355
MPL-260246,Karnataka,Bengaluru Urban,Bengaluru Urban Parliamentary Constituency,12.88912,77.51632,Drainage,"Storm water drain and culvert improvement in Ward 13, Bengaluru Urban",District Rural Development Agency,11584506.49,11100000.0,11891056.21,9827523.52,80.3,77.9,2025-02-01,2026-07-01,,7,2819789.02,Delayed,764
MPL-260247,Karnataka,Mysuru,Mysuru Parliamentary Constituency,12.24429,76.70872,Sports,"Development of public sports ground in Ward 14, Mysuru",District Rural Development Agency,4796221.94,4500000.0,4780630.84,3113564.13,60.7,79.2,2025-05-17,2026-08-29,,9,565189.43,Delayed,15862
MPL-260248,West Bengal,Kolkata,Kolkata Parliamentary Constituency,22.58076,88.30659,Road,"Construction of cement concrete link road in Ward 15, Kolkata",Public Works Department,12140419.84,11600000.0,11020000.0,8530764.36,76.7,77.8,2025-08-18,2026-04-17,,6,1294566.01,Delayed,13761
MPL-260249,Assam,Kamrup,Kamrup Parliamentary Constituency,26.0527,91.81,Education,"Additional classrooms and sanitation block at government school in Ward 16, Kamrup",Municipal Corporation,6608159.46,6200000.0,6723057.94,5869134.42,86.9,98.8,2024-09-23,2025-09-18,,8,771824.79,Delayed,16861
MPL-260250,Gujarat,Ahmedabad,Ahmedabad Parliamentary Constituency,22.97837,72.55245,Water Supply,"Piped drinking water system with overhead tank in Ward 17, Ahmedabad",District Rural Development Agency,13031389.82,12700000.0,13719764.79,8634238.23,68.5,57.8,2024-10-13,2025-11-07,,2,909710.26,Delayed,2230
MPL-260251,Odisha,Khordha,Khordha Parliamentary Constituency,20.13003,85.87238,Health,"Upgrade of primary health centre and equipment in Ward 18, Khordha",Public Works Department,16308963.23,15600000.0,14820000.0,14411669.07,74.8,94.6,2024-12-30,2025-11-14,,2,2900537.61,Delayed,4175
MPL-260252,Maharashtra,Pune,Pune Parliamentary Constituency,18.45794,73.87285,Community Hall,"Construction of multipurpose community hall in Ward 1, Pune",District Rural Development Agency,3301509.11,3300000.0,4107448.8,3270179.26,99.2,90.8,2024-10-11,2026-01-11,2026-01-21,3,860983.34,Completed,8510
MPL-260253,Maharashtra,Nagpur,Nagpur Parliamentary Constituency,21.21648,79.07829,Solar Lighting,"Installation of solar street lighting in Ward 2, Nagpur",Municipal Corporation,9791584.78,9500000.0,9995880.85,8205012.79,64.8,55.7,2025-01-12,2026-07-15,,9,2125671.01,Delayed,7251
MPL-260254,Uttar Pradesh,Lucknow,Lucknow Parliamentary Constituency,26.82424,81.00716,Drainage,"Storm water drain and culvert improvement in Ward 3, Lucknow",District Rural Development Agency,14793948.29,13700000.0,13638314.64,10660603.99,79.2,93.9,2024-10-17,2025-12-24,,4,1312368.45,Delayed,2730
MPL-260255,Uttar Pradesh,Varanasi,Varanasi Parliamentary Constituency,25.40851,82.97365,Sports,"Development of public sports ground in Ward 4, Varanasi",Public Works Department,2752777.43,2700000.0,2806696.84,2475425.72,80.1,59.9,2024-08-12,2025-08-04,,8,210553.96,Delayed,748
MPL-260256,Rajasthan,Jaipur,Jaipur Parliamentary Constituency,26.83722,75.83003,Road,"Construction of cement concrete link road in Ward 5, Jaipur",District Rural Development Agency,2605277.83,2600000.0,2704805.86,710335.3,30.6,42.3,2025-07-19,2026-08-24,,7,165816.21,Delayed,6671
MPL-260257,Rajasthan,Udaipur,Udaipur Parliamentary Constituency,24.58282,73.67851,Education,"Additional classrooms and sanitation block at government school in Ward 6, Udaipur",District Rural Development Agency,17521453.48,16500000.0,17338209.66,13147711.61,71.5,88.1,2024-07-28,2025-09-02,,7,1605979.19,Delayed,9159
MPL-260258,Tamil Nadu,Chennai,Chennai Parliamentary Constituency,13.04668,80.272,Water Supply,"Piped drinking water system with overhead tank in Ward 7, Chennai",District Education Office,17525816.14,16300000.0,17954674.39,17364993.89,94.4,85.9,2024-08-01,2025-09-12,,8,3506501.7,Delayed,9554
MPL-260259,Tamil Nadu,Madurai,Madurai Parliamentary Constituency,9.84638,78.02335,Health,"Upgrade of primary health centre and equipment in Ward 8, Madurai",District Rural Development Agency,18985447.64,17300000.0,18717703.54,14646581.74,74.3,60.5,2025-05-07,2026-10-15,,9,2392768.96,In Progress,10708
MPL-260260,Karnataka,Bengaluru Urban,Bengaluru Urban Parliamentary Constituency,12.97057,77.60261,Community Hall,"Construction of multipurpose community hall in Ward 9, Bengaluru Urban",District Rural Development Agency,16811726.07,15900000.0,19115391.89,15657829.54,100.0,100.0,2025-09-10,2026-10-05,2026-10-15,8,3675259.1,Completed,2464
MPL-260261,Karnataka,Mysuru,Mysuru Parliamentary Constituency,12.34511,76.67281,Solar Lighting,"Installation of solar street lighting in Ward 10, Mysuru",District Education Office,13549594.03,13300000.0,14291901.46,7928118.02,46.6,53.6,2025-04-26,2026-08-27,,3,2237549.56,Delayed,10426
MPL-260262,West Bengal,Kolkata,Kolkata Parliamentary Constituency,22.6228,88.47346,Drainage,"Storm water drain and culvert improvement in Ward 11, Kolkata",District Rural Development Agency,1357255.25,1300000.0,1363164.6,1167670.58,87.9,100.0,2025-02-01,2026-03-21,,2,346126.09,Delayed,10535
MPL-260263,Assam,Kamrup,Kamrup Parliamentary Constituency,26.15561,91.82242,Sports,"Development of public sports ground in Ward 12, Kamrup",Water Board,8316430.97,7700000.0,7388451.89,4131127.67,56.7,57.4,2025-07-13,2026-05-12,,6,426512.47,Delayed,17107
MPL-260264,Gujarat,Ahmedabad,Ahmedabad Parliamentary Constituency,23.02072,72.65439,Road,"Construction of cement concrete link road in Ward 13, Ahmedabad",District Education Office,9193426.58,8400000.0,9315867.08,8065176.68,72.9,83.1,2024-10-22,2025-10-11,,3,2054742.63,Delayed,10309
MPL-260265,Odisha,Khordha,Khordha Parliamentary Constituency,20.12376,85.75249,Education,"Additional classrooms and sanitation block at government school in Ward 14, Khordha",Water Board,11078681.05,10800000.0,13591768.05,6439297.01,57.2,75.7,2025-02-19,2025-10-24,,2,1456446.26,Delayed,16810
MPL-260266,Maharashtra,Pune,Pune Parliamentary Constituency,18.46156,73.86859,Water Supply,"Piped drinking water system with overhead tank in Ward 15, Pune",Public Works Department,7932807.43,7700000.0,7571793.65,5009055.47,74.9,93.1,2025-10-21,2026-09-09,,6,405970.53,In Progress,471
MPL-260267,Maharashtra,Nagpur,Nagpur Parliamentary Constituency,21.19626,79.07819,Health,"Upgrade of primary health centre and equipment in Ward 16, Nagpur",Public Works Department,1721811.17,1700000.0,1773337.56,818148.22,47.5,53.9,2025-02-08,2025-11-06,,5,77936.3,Delayed,13441
MPL-260268,Uttar Pradesh,Lucknow,Lucknow Parliamentary Constituency,26.86382,80.89614,Community Hall,"Construction of multipurpose community hall in Ward 17, Lucknow",Municipal Corporation,9150323.65,9100000.0,10771713.17,7040011.84,72.3,86.4,2025-01-26,2026-02-26,,7,1207259.27,Delayed,7081
MPL-260269,Uttar Pradesh,Varanasi,Varanasi Parliamentary Constituency,25.22877,82.94572,Solar Lighting,"Installation of solar street lighting in Ward 18, Varanasi",Water Board,12063733.64,11700000.0,13277018.07,12615177.7,93.4,84.8,2024-10-03,2026-05-01,,4,3041274.4,Delayed,4859
MPL-260270,Rajasthan,Jaipur,Jaipur Parliamentary Constituency,26.89545,75.72215,Drainage,"Storm water drain and culvert improvement in Ward 1, Jaipur",Water Board,16373662.83,15300000.0,17002287.11,12637951.65,56.4,62.5,2025-10-19,2026-07-31,,9,2550766.2,Delayed,14558
MPL-260271,Rajasthan,Udaipur,Udaipur Parliamentary Constituency,24.54289,73.80142,Sports,"Development of public sports ground in Ward 2, Udaipur",District Rural Development Agency,14607057.98,14500000.0,14260156.92,11341152.41,52.0,62.9,2024-08-22,2026-03-02,,4,2600712.99,Delayed,7937
MPL-260272,Tamil Nadu,Chennai,Chennai Parliamentary Constituency,13.15323,80.39883,Road,"Construction of cement concrete link road in Ward 3, Chennai",District Rural Development Agency,7010425.34,6400000.0,7082637.37,4061985.55,53.9,63.5,2025-03-29,2026-02-17,,6,1186153.24,Delayed,16711
MPL-260273,Tamil Nadu,Madurai,Madurai Parliamentary Constituency,9.88465,78.10727,Education,"Additional classrooms and sanitation block at government school in Ward 4, Madurai",Water Board,2698729.84,2500000.0,3006719.23,1579664.29,49.4,46.1,2024-09-29,2026-05-17,,3,323281.71,Delayed,9405
MPL-260274,Karnataka,Bengaluru Urban,Bengaluru Urban Parliamentary Constituency,12.96344,77.66079,Water Supply,"Piped drinking water system with overhead tank in Ward 5, Bengaluru Urban",District Education Office,11408302.11,11100000.0,14003641.2,9720244.62,94.4,100.0,2024-11-16,2025-08-03,,9,1382714.6,Delayed,12790
MPL-260275,Karnataka,Mysuru,Mysuru Parliamentary Constituency,12.40918,76.65825,Health,"Upgrade of primary health centre and equipment in Ward 6, Mysuru",Municipal Corporation,8763964.78,8600000.0,9144687.51,6622049.46,70.3,76.4,2025-02-19,2025-12-22,,6,1134834.62,Delayed,14780
MPL-260276,West Bengal,Kolkata,Kolkata Parliamentary Constituency,22.56311,88.33257,Community Hall,"Construction of multipurpose community hall in Ward 7, Kolkata",District Education Office,11103932.07,10100000.0,11278567.11,9006218.69,88.4,100.0,2025-10-25,2027-02-10,,7,1865718.24,In Progress,11056
MPL-260277,Assam,Kamrup,Kamrup Parliamentary Constituency,26.14657,91.73592,Solar Lighting,"Installation of solar street lighting in Ward 8, Kamrup",Municipal Corporation,5321145.4,5300000.0,5035000.0,5746837.03,99.2,100.0,2025-05-10,2026-12-20,2026-12-30,7,461067.92,Completed,840
MPL-260278,Gujarat,Ahmedabad,Ahmedabad Parliamentary Constituency,22.99937,72.5396,Drainage,"Storm water drain and culvert improvement in Ward 9, Ahmedabad",District Education Office,14848640.78,14500000.0,16090204.47,8267341.62,47.2,38.5,2024-07-20,2026-01-20,,9,1778641.27,Delayed,9529
MPL-260279,Odisha,Khordha,Khordha Parliamentary Constituency,20.18877,85.84601,Sports,"Development of public sports ground in Ward 10, Khordha",Municipal Corporation,11617828.93,11000000.0,11544769.9,10620404.18,99.8,79.8,2025-06-30,2026-10-26,2026-11-05,6,1010863.81,Completed,2425
